<?xml version="1.0" encoding="UTF-8"?>
<GenRun Id="design_1_rst_ps7_0_50M_0_synth_1" LaunchPart="xc7z010clg400-1" LaunchTime="1766920941">
  <File Type="RDS-DCP" Name="design_1_rst_ps7_0_50M_0.dcp"/>
  <File Type="RDS-RDS" Name="design_1_rst_ps7_0_50M_0.vds"/>
  <File Type="REPORTS-TCL" Name="design_1_rst_ps7_0_50M_0_reports.tcl"/>
  <File Type="PA-TCL" Name="design_1_rst_ps7_0_50M_0.tcl"/>
  <File Type="RDS-UTIL" Name="design_1_rst_ps7_0_50M_0_utilization_synth.rpt"/>
  <File Type="RDS-UTIL-PB" Name="design_1_rst_ps7_0_50M_0_utilization_synth.pb"/>
  <FileSet Name="sources" Type="BlockSrcs" RelSrcDir="$PSRCDIR/design_1_rst_ps7_0_50M_0" RelGenDir="$PGENDIR/design_1_rst_ps7_0_50M_0">
    <File Path="$PSRCDIR/sources_1/bd/design_1/ip/design_1_rst_ps7_0_50M_0/design_1_rst_ps7_0_50M_0.xci">
      <FileInfo>
        <Attr Name="Library" Val="xil_defaultlib"/>
        <Attr Name="ImportPath" Val="$PPRDIR/../../../../EBAZ4205_tutorial/tutorials/05_Zynq7000/project_1/project_1.srcs/sources_1/bd/design_1/ip/design_1_rst_ps7_0_50M_0/design_1_rst_ps7_0_50M_0.xci"/>
        <Attr Name="ImportTime" Val="1766920777"/>
        <Attr Name="UsedIn" Val="synthesis"/>
        <Attr Name="UsedIn" Val="implementation"/>
        <Attr Name="UsedIn" Val="simulation"/>
      </FileInfo>
    </File>
    <Config>
      <Option Name="TopModule" Val="design_1_rst_ps7_0_50M_0"/>
      <Option Name="UseBlackboxStub" Val="1"/>
    </Config>
  </FileSet>
  <FileSet Name="constrs_in" Type="BlockSrcs" RelSrcDir="$PSRCDIR/design_1_rst_ps7_0_50M_0" RelGenDir="$PGENDIR/design_1_rst_ps7_0_50M_0">
    <File Path="$PSRCDIR/sources_1/bd/design_1/ip/design_1_rst_ps7_0_50M_0/design_1_rst_ps7_0_50M_0.xci">
      <FileInfo>
        <Attr Name="Library" Val="xil_defaultlib"/>
        <Attr Name="ImportPath" Val="$PPRDIR/../../../../EBAZ4205_tutorial/tutorials/05_Zynq7000/project_1/project_1.srcs/sources_1/bd/design_1/ip/design_1_rst_ps7_0_50M_0/design_1_rst_ps7_0_50M_0.xci"/>
        <Attr Name="ImportTime" Val="1766920777"/>
        <Attr Name="UsedIn" Val="synthesis"/>
        <Attr Name="UsedIn" Val="implementation"/>
        <Attr Name="UsedIn" Val="simulation"/>
      </FileInfo>
    </File>
    <Config>
      <Option Name="TopModule" Val="design_1_rst_ps7_0_50M_0"/>
      <Option Name="UseBlackboxStub" Val="1"/>
    </Config>
  </FileSet>
  <FileSet Name="utils" Type="Utils" RelSrcDir="$PSRCDIR/utils_1" RelGenDir="$PGENDIR/utils_1">
    <Filter Type="Utils"/>
    <Config>
      <Option Name="TopAutoSet" Val="TRUE"/>
    </Config>
  </FileSet>
  <Strategy Version="1" Minor="2">
    <StratHandle Name="Vivado Synthesis Defaults" Flow="Vivado Synthesis 2024"/>
    <Step Id="synth_design"/>
  </Strategy>
</GenRun>
