{
  "version": "2024.2",
  "applications": [],
  "platforms": [
    {
      "name": "platform_zynq"
    }
  ],
  "systems": [
    {
      "name": "led_ext_1_system",
      "platform": "/home/tomorrow56/ws/vitis/ebaz4205_ext/zync7000_all/platform_zynq/export/platform_zynq/platform_zynq.xpfm",
      "sysConfig": "platform_zynq",
      "buildConfig": "Debug",
      "applications": [
        {
          "name": "led_ext_1",
          "platform": "/home/tomorrow56/ws/vitis/ebaz4205_ext/zync7000_all/platform_zynq/export/platform_zynq/platform_zynq.xpfm",
          "platformPath": "/home/tomorrow56/ws/vitis/ebaz4205_ext/zync7000_all/platform_zynq/export/platform_zynq",
          "sysConfig": "platform_zynq",
          "domain": "standalone_domain",
          "system": "led_ext_1_system"
        }
      ],
      "platformPath": "/home/tomorrow56/ws/vitis/ebaz4205_ext/zync7000_all/platform_zynq/export/platform_zynq"
    },
    {
      "name": "led_ext_2_system",
      "platform": "/home/tomorrow56/ws/vitis/ebaz4205_ext/zync7000_all/platform_zynq/export/platform_zynq/platform_zynq.xpfm",
      "sysConfig": "platform_zynq",
      "buildConfig": "Debug",
      "applications": [
        {
          "name": "led_ext_2",
          "platform": "/home/tomorrow56/ws/vitis/ebaz4205_ext/zync7000_all/platform_zynq/export/platform_zynq/platform_zynq.xpfm",
          "platformPath": "/home/tomorrow56/ws/vitis/ebaz4205_ext/zync7000_all/platform_zynq/export/platform_zynq",
          "sysConfig": "platform_zynq",
          "domain": "standalone_domain",
          "system": "led_ext_2_system"
        }
      ],
      "platformPath": "/home/tomorrow56/ws/vitis/ebaz4205_ext/zync7000_all/platform_zynq/export/platform_zynq"
    },
    {
      "name": "lwip_echo_server_system",
      "platform": "/home/tomorrow56/ws/vitis/ebaz4205_ext/zync7000_all/platform_zynq/export/platform_zynq/platform_zynq.xpfm",
      "sysConfig": "platform_zynq",
      "buildConfig": "Debug",
      "applications": [
        {
          "name": "lwip_echo_server",
          "platform": "/home/tomorrow56/ws/vitis/ebaz4205_ext/zync7000_all/platform_zynq/export/platform_zynq/platform_zynq.xpfm",
          "platformPath": "/home/tomorrow56/ws/vitis/ebaz4205_ext/zync7000_all/platform_zynq/export/platform_zynq",
          "sysConfig": "platform_zynq",
          "domain": "standalone_domain",
          "system": "lwip_echo_server_system"
        }
      ],
      "platformPath": "/home/tomorrow56/ws/vitis/ebaz4205_ext/zync7000_all/platform_zynq/export/platform_zynq"
    },
    {
      "name": "memory_test_system",
      "platform": "/home/tomorrow56/ws/vitis/ebaz4205_ext/zync7000_all/platform_zynq/export/platform_zynq/platform_zynq.xpfm",
      "sysConfig": "platform_zynq",
      "buildConfig": "Debug",
      "applications": [
        {
          "name": "memory_test",
          "platform": "/home/tomorrow56/ws/vitis/ebaz4205_ext/zync7000_all/platform_zynq/export/platform_zynq/platform_zynq.xpfm",
          "platformPath": "/home/tomorrow56/ws/vitis/ebaz4205_ext/zync7000_all/platform_zynq/export/platform_zynq",
          "sysConfig": "platform_zynq",
          "domain": "standalone_domain",
          "system": "memory_test_system"
        }
      ],
      "platformPath": "/home/tomorrow56/ws/vitis/ebaz4205_ext/zync7000_all/platform_zynq/export/platform_zynq"
    },
    {
      "name": "peripheral_test_system",
      "platform": "/home/tomorrow56/ws/vitis/ebaz4205_ext/zync7000_all/platform_zynq/export/platform_zynq/platform_zynq.xpfm",
      "sysConfig": "platform_zynq",
      "buildConfig": "Debug",
      "applications": [
        {
          "name": "peripheral_test",
          "platform": "/home/tomorrow56/ws/vitis/ebaz4205_ext/zync7000_all/platform_zynq/export/platform_zynq/platform_zynq.xpfm",
          "platformPath": "/home/tomorrow56/ws/vitis/ebaz4205_ext/zync7000_all/platform_zynq/export/platform_zynq",
          "sysConfig": "platform_zynq",
          "domain": "standalone_domain",
          "system": "peripheral_test_system"
        }
      ],
      "platformPath": "/home/tomorrow56/ws/vitis/ebaz4205_ext/zync7000_all/platform_zynq/export/platform_zynq"
    },
    {
      "name": "ps_lcd_system",
      "platform": "/home/tomorrow56/ws/vitis/ebaz4205_ext/zync7000_all/platform_zynq/export/platform_zynq/platform_zynq.xpfm",
      "sysConfig": "platform_zynq",
      "buildConfig": "Debug",
      "applications": [
        {
          "name": "ps_lcd",
          "platform": "/home/tomorrow56/ws/vitis/ebaz4205_ext/zync7000_all/platform_zynq/export/platform_zynq/platform_zynq.xpfm",
          "platformPath": "/home/tomorrow56/ws/vitis/ebaz4205_ext/zync7000_all/platform_zynq/export/platform_zynq",
          "sysConfig": "platform_zynq",
          "domain": "standalone_domain",
          "system": "ps_lcd_system"
        }
      ],
      "platformPath": "/home/tomorrow56/ws/vitis/ebaz4205_ext/zync7000_all/platform_zynq/export/platform_zynq"
    }
  ],
  "others": []
}